﻿<?xml version="1.0" encoding="utf-8"?>
<publishData>
  <publishProfile publishUrl="C:\inetpub\wwwroot" deleteExistingFiles="True" ftpAnonymousLogin="False" ftpPassiveMode="True" msdeploySite="" msdeploySiteID="" msdeployRemoteSitePhysicalPath="" msdeployAllowUntrustedCertificate="False" msdeploySkipExtraFilesOnServer="True" msdeployMarkAsApp="False" profileName="配置文件1" publishMethod="FileSystem" replaceMatchingFiles="False" userName="" savePWD="False" userPWD="" SelectedForPublish="True">
    <file relUrl="Web.config" publishTime="04/16/2016 20:42:13" />
    <file relUrl="Site.Master" publishTime="04/13/2016 12:32:32" />
    <file relUrl="Scripts/jquery-1.4.1.js" publishTime="04/13/2016 12:32:32" />
    <file relUrl="Account/Register.aspx" publishTime="04/13/2016 12:32:32" />
    <file relUrl="bin/SessionsStore.dll" publishTime="04/16/2016 20:40:56" />
    <file relUrl="Account/Web.config" publishTime="04/13/2016 12:32:32" />
    <file relUrl="Account/Login.aspx" publishTime="04/13/2016 12:32:32" />
    <file relUrl="Styles/Site.css" publishTime="04/13/2016 12:32:32" />
    <file relUrl="bin/SessionStoreWebApplication.pdb" publishTime="04/16/2016 20:40:56" />
    <file relUrl="Account/ChangePassword.aspx" publishTime="04/13/2016 12:32:32" />
    <file relUrl="bin/SessionStoreWebApplication.dll" publishTime="04/16/2016 20:40:57" />
    <file relUrl="bin/SessionsStore.xml" publishTime="04/16/2016 20:40:56" />
    <file relUrl="Global.asax" publishTime="04/13/2016 12:32:32" />
    <file relUrl="bin/SessionsStore.pdb" publishTime="04/16/2016 20:40:56" />
    <file relUrl="Scripts/jquery-1.4.1-vsdoc.js" publishTime="04/13/2016 12:32:32" />
    <file relUrl="About.aspx" publishTime="04/13/2016 12:32:32" />
    <file relUrl="Account/ChangePasswordSuccess.aspx" publishTime="04/13/2016 12:32:32" />
    <file relUrl="Default.aspx" publishTime="04/13/2016 12:32:32" />
    <file relUrl="Scripts/jquery-1.4.1.min.js" publishTime="04/13/2016 12:32:32" />
  </publishProfile>
</publishData>